Title,Price,Date
Funny Got Data MIS Data Systems Business Analyst T-Shirt,16.99,2024-09-06
Funny Got Data MIS Data Systems Business Analyst T-Shirt,16.99,2024-09-06
Funny Got Data MIS Data Systems Business Analyst T-Shirt,bout this item,2024-09-06
Funny Got Data MIS Data Systems Business Analyst T-Shirt,bout this item,2024-09-06
Funny Got Data MIS Data Systems Business Analyst T-Shirt,bout this item,2024-09-06
Funny Got Data MIS Data Systems Business Analyst T-Shirt,bout this item,2024-09-06
Funny Got Data MIS Data Systems Business Analyst T-Shirt,bout this item,2024-09-06
Funny Got Data MIS Data Systems Business Analyst T-Shirt,bout this item,2024-09-06
Funny Got Data MIS Data Systems Business Analyst T-Shirt,16.99,2024-09-06
Funny Got Data MIS Data Systems Business Analyst T-Shirt,bout this item,2024-09-06
Funny Got Data MIS Data Systems Business Analyst T-Shirt,bout this item,2024-09-06
Funny Got Data MIS Data Systems Business Analyst T-Shirt,bout this item,2024-09-06
Funny Got Data MIS Data Systems Business Analyst T-Shirt,bout this item,2024-09-06
Funny Got Data MIS Data Systems Business Analyst T-Shirt,bout this item,2024-09-06
Funny Got Data MIS Data Systems Business Analyst T-Shirt,16.99,2024-09-06
Funny Got Data MIS Data Systems Business Analyst T-Shirt,bout this item,2024-09-06
